ESTRATO;TERMO;POSICAO;VIDEO_ID;TITULO;DESCRICAO;FRASE_INICIO;FRASE_MEIO;FRASE_FIM
A_responsavel;desenho animado infantil;1;fZw2wKvH1ieGU_BJ;As 5 melhores músicas infantis! Cante com Léo, o caminhão curioso! Desenho animado para crianças;Fizemos uma compilação especial com as 5 melhores músicas infantis do Léo, o caminhão curioso no novo desenho animado para crianças. Cante com Léo! ;Um gatinho está contente e sorrindo a viajar;No tronco estão sentadinhos comendo mosquito sem parar;E a aranha azul continua a subir
A_responsavel;desenho animado infantil;2;i27tUeqr792metrF;Bento e Totó - O Patinho Colorido (Desenho Infantil);Bento e Totó - O Patinho Colorido;Viva o patinho azul;Usou tinta colorida e vermelho ele ficou;Viva o patinho amarelo
A_responsavel;desenho animado infantil;3;YBrdoEo1UZdU8bG0;🌧️ Chuva, Chuva, Vá Embora | Desenho Infantil | Lalafun em Português;Chuva, chuva vá embora Volte uma outra hora Pocotó fazem os cavalos Chuva, chuva vá embora;A vaca lola é espanhola;Alegre alegre alegre vamos todos cantar;A vaca gosta de comer comer maçãs e bananas
A_responsavel;desenho animado infantil;4;dKC4oRVr6VibfXM-;Bento e Totó - Funk do Patinho (Desenho Infantil);Bento e Totó - Funk do Patinho Inscreva-se no nosso canal para assistir aos vídeos da série sempre em primeira mão.;Dança o funk do patinho, verde azul amarelinho;Roda roda igual pião pula pula sai do chão;Tudo junto tudo junto
A_responsavel;desenho animado infantil;5;KYGZY6pmc70;Desenho Infantil | 22 Minutos de Histórias do José Totoy | Em Português Completo;Indicado para crianças de 3 a 7 anos. Conteúdo seguro, sem violência e divertido.;Macarronada eu quero fazer agora;A minha cenoura vai ficar bem maior você vai ver;Já sei vou fazer um ventilador gigante
A_responsavel;desenho animado infantil;6;uhaV6NmzlhE;Brincar com Slime é Legal | Músicas Infantis | Sim! Neo | BabyBus Português;Boing, boing! Aperte o play e venha se esticar com a gente!;É hora da nossa turma dizer tchau;A campainha está tocando;Examinando a sua boca
A_responsavel;desenho animado infantil;7;5r8GeeH2ygw;🔴 AO VIVO 🔴 Detetive Labrador 👮‍♂ Regras de Segurança no Elevador⚠️ Desenhos Infantis;Bem-vindo ao mundo do Detetive Labrador! O Detetive Labrador e seu assistente, o Policial Doberman têm como compromisso proteger, dar segurança e educar os moradores da Cidade Florestal.;Continue tomando os remédios e o resfriado já vai passar;Uau esse avião é tão legal;Pare não dance dentro do elevador
A_responsavel;desenho animado infantil;8;RxJqjNbhYjI;Brincando com Hophop, a coruja, e o pinguinzinho! Desenho animado infantil em português;Crianças, vamos assistir aos novos desenhos animados em português! Nesse desenho animado infantil, vamos brincar no parquinho com HopHop, a coruja, o Peck Peck e o pinguinzinho.;O pinguim de brinquedo está na caçamba do caminhão;Assim você não vai conseguir abrir;Pode usar o trator e o caminhão para recolher os galhos secos do chão
A_responsavel;desenho animado infantil;9;j0wVC7-hm5I;Mundo de Papelão | Detetive Labrador | Desenhos Animados | Desenhos Infantis | BabyBus Português;Música infantil, canções de ninar, português para crianças, canções de ninar em português, canções infantis em português, portuguese songs for kids, musica infantil, desenhos animados crianças, Músicas em português para crianças, desenho animado, desenhos.;Não tem um caso que eu não consiga resolver;Agora ele não pode entrar. Que som é esse.;Entrem no carro. Entendido. Que legal, esse robô sabe dançar.
A_responsavel;desenho animado infantil;10;Oc8r9cRJoZs;O Teste da Amizade 🔍✅ Coleção de desenhos animados;Masha e o Urso. Todos os episódios    • Masha e o Urso - Todos os episódios;Te achei minha bonequinha mais linda;Pinguins migratórios são aves bastante raras;Pegadas de animais desconhecidos
A_responsavel;vídeo educativo para crianças;1;ti-xWVkjfF02D4GK;Aeiou - Animaguel | Atividades com as vogais | Vídeo educativo (Música infantil);Ideal para professoras da Educação Infantil e mães que desejam apoiar o aprendizado das crianças.;Vamos cantar as vogais;A de arara E de elefante;Agora em aprendi a e i o u
A_responsavel;vídeo educativo para crianças;2;O8eQeKn-atw;De Onde Vem a Onda?;Kika quer saber de onde vem as ondas.;Vamos até a superfície que eu explico essa onde;Arrebentação é o nome que a galera dá para o local onde as ondas quebram;De onde vem tanta malandragem
A_responsavel;vídeo educativo para crianças;3;6K6--qKaAefqqrTn;As 5 melhores músicas infantis! Cante com Léo, o caminhão curioso! Desenho animado para crianças;Fizemos uma compilação especial com as 5 melhores músicas infantis do Léo, o caminhão curioso no novo desenho animado para crianças. Cante com Léo!;No trenzindo thu thu thu maquinista vai cuidar;O gato dá bom dia e faz miau com alegria;A aranha verde subiu no caminhão
A_responsavel;vídeo educativo para crianças;4;gHJR9QFQIHR5mWjw;Jac Jacaré | Escova, escova [Clipe Infantil];Chegou a hora de escovar os dentinhos!;Escova os dentinhos para sorrir;Na minha boca não vai buraquinho;Na saúde da boquinha agente tem que caprichar
A_responsavel;vídeo educativo para crianças;5;_fTo-tQZ2IL-6c71;Aprenda ADIÇÃO e SUBTRAÇÃO | Episódios Completos | Numberblocks em português Brasil;Bem-vindo ao canal oficial da Numberblocks em Português (Brasil) no YouTube! Aqui você encontrará todos os seus vídeos favoritos do Numberblocks.;Comece o jogo. Pronto, vai!;Eu quero frutas é a minha vez;Eu já comi três
A_responsavel;vídeo educativo para crianças;6;unU51V_anuR-jA1A;AO VIVO🔴: Episódios Completos | Bluey;Bluey é uma filhotinha da raça Blue Heeler, cheia de charme e energia, e vive com a Mãe, Pai e sua irmãzinha caçula Bingo. ;Eu só gostaria de ser um morcego;Às vezes eu esqueço que você é um pouco mais nova que sua irmã;Batatas para todo mundo
A_responsavel;vídeo educativo para crianças;7;eyHRi_n5g5IEuUNj;Admita Seu Erro e Não Minta | Nossos Sentimentos | Vídeo Educativo | BabyBus Português;O que devemos fazer quando fazemos algo errado?;Estou com problema. Eu fiz algo errado.;Vamos fazer uma corrida. Vai vai vai.;O que eu preciso é mais importante
A_responsavel;vídeo educativo para crianças;8;l7qNYJ_j7lmRF2b7;Blippi Português Afunda ou Flutua | Vídeos de ciência para crianças | Vídeos Educativos;Reúna itens com Blippi e jogue Sink of Float.;Uau veja o que temos aqui. Isso é um tanque.;O que temos aqui. Banana. São deliciosas.;Aqui balança bastante. Veja, é um escorregador.
A_responsavel;vídeo educativo para crianças;9;YOg33acopovn79KV;Desenho Infantil Totoy | 53 Minutos de Historinhas do José Totoy!!! Em Português Completo;Neste vídeo, 53 Minutos de Historinhas Educativas do José Totoy!!! Totoy em Português!!! Muito divertido!!!;Uau, muito sorvete. Aí vou eu.;Queijo é tudo o que eu queria. Que delícia.;José o que você está fazendo? Estou plantando cenourinhas.
A_responsavel;vídeo educativo para crianças;10;H1OO_xwiD7yZcOpB;MARATONA DO MEIO AMBIENTE ♻️ O Show da Luna!;;Todas as frutas vem de uma flor.;Somos empilhadeiras. Muito bem gente.;Não mãe, nós somos plantas.
B_apelo_infantil;south park português dublado;1;T83IvGu0NsU;30 Minutos de Risadas com a Galerinha de South Park | Pluto TV;;Puta que pariu onde puseram meu chapéu;Isso mesmo. Uma pata de camelo gigante;Ah cacete, este é o mapa da reserva indígena
B_apelo_infantil;south park português dublado;2;ekDNLpj4VcgI9Nzu;Scott Tenorman deve morrer;Cartman quer se vingar de um aluno da oitava série que lhe vendeu pelos pubianos. Começa uma disputa entre os dois meninos. A banda de rock Radiohead aparece na cidade.;Porque está tão feliz ô bundão;Scott me vendeu por dez pratas;Este petelho não vale nada. Vou matar aquele filho da puta.
B_apelo_infantil;south park português dublado;3;enE9ffO208UYn-kT;patinetes - parte 1 - SOUTH PARK (completo);As crianças planejam utilizar a última revolução em mobilidade para conseguir mais doces durante o Halloween do que eles já conseguiram antes. ;Outubro sempre foi meu mês predileto;Tem um código para escanear. Para baixar o app.;É tudo bem. Agente dá um jeito. Agente sempre dá.
B_apelo_infantil;south park português dublado;4;5Gx7XEzSbFilY3RQ;Os Melhores Episódios de South Park | Pluto TV;Assista aos episódios completos de South Park, de graça no meu app!;Caio, duendes não existem. Você tem quase 9 anos.;Esse é um problema seu. Ou você me ajuda ou vou te assombrar para o resto da vida;A música da nova geração é uma bosta
B_apelo_infantil;south park português dublado;5;nOewrIEkwbsPy5dc;SOUTH PARK - EPISÓDIO - CARTMAN ENCONTRA O AMOR - PARTE 1;SOUTH PARK - EPISÓDIO - CARTMAN ENCONTRA O AMOR - PARTE 1;Tem uma nova garota que entrou na escola hoje e está liderando a equipe de torcida;Sério, ficarão fofos juntos. É o que vou dizer pra ela.;Ele só está um pouco doente. Ele está com tesão.
B_apelo_infantil;south park português dublado;6;rJ37Io1vbEHAotwR;Cartman machista opressor - SOUTH PARK;Wendy abre um debate sobre o Câncer de Mama, e Cartman acha que é o assunto é muito engraçado.;Existem peidos soltos e assassinos por aí.;Isso mesmo, eu vou te encher de porrada.;Eu vou triturar você.
B_apelo_infantil;south park português dublado;7;Z15WhivnvizRupkE;DESENHO PARA ASSISTIR CHAPADO - ASSISTA CHAPADO - SOUTH PARK;em-vindo ao Uni-Verso Cannábico, o canal definitivo para ficar por dentro de tudo o que acontece no mundo da cannabis!;Os super heróis foram divididos por questões políticas;Eu não confio em você. Se você der um passo fora da linha eu vou te pegar.;Ah. Lá vem a vítima denovo. Vá se fuder.
B_apelo_infantil;south park português dublado;8;3B32WRvx-m9LGUYG;30 Minutos de South Park | Pluto TV;Assista aos episódios completos de South Park, de graça no meu app! ;Porque as pessoas precisam nos lembrar daquilo que não temos;Nossos cinco melhores contra os seus cinco melhores;Vá embora você não é real
B_apelo_infantil;south park português dublado;9;slBXP1lb-DBeF8tC;South Park: A Fenda que Abunda a Força - O Filme (Dublado);Após os eventos de O Cajado da Verdade, desta vez as crianças de South Park estão brincando de super-herói;Mas a guerra não salvará nossa cidade;Droga não tem nenhum compressor de água;Meu nariz está ficando um pouco irritado
B_apelo_infantil;south park português dublado;10;O8sc6q1dKh5DnrUf;30 MINUTOS das MAIORES MALDADES do Cartman | South Park | Pluto TV;Assista aos episódios completos de South Park, de graça no meu app!;É mesmo, você não é tão idiota assim;Eu tô de volta. E espero que você tenha aprendido a lição.;Você roubou? Vá se fuder Caio.
B_apelo_infantil;rick and morty engraçado;1;Iop7FeYmZng;Sobrevivendo aos Piores Predadores do Universo | Rick and Morty Brasil | adult swim;Os predadores mais perigosos vêm em todas as formas e tamanhos: de Pé Grande e alienígenas assassinos até a própria família Smith!;Todo mundo sabe que eu sou constrangedor;Vocês que me dão nojo. Vocês são uns bostas.;Vou tentar me lembrar de ligar o cerebrarizador.
B_apelo_infantil;rick and morty engraçado;2;GiViJDQ8ViQ;A experiência amorosa | Rick & Morty | Adult Swim Brasil;Rick decide ajudar Morty nos seus assuntos amorosos com uma poção mágica;Não liga para isso, você é um bom garoto.;Tava pensando sabe. Você consegue fazer um tipo de química na cabeça da Jéssica.;Esse papo tá meio entediante.
B_apelo_infantil;rick and morty engraçado;3;Pkb1PEn7I1g;Rick e Morty: tudo por uma selfie | Rick & Morty | Adult Swim Brasil;;Cometeu um assassinato na Casa Branca.;Eu percebi que minhas mãos estavam tão suadas que eu não poderia segurar sua mão.;Renda-se pela selfie.
B_apelo_infantil;rick and morty engraçado;4;DUGMReDRzSc;Rick And Morty Dublado - Completo;Rick And Morty Dublado - Completo;Que merda Morty;Nenhuma história ruim termina de capa;Por mim tá ótimo. Agente pode amarrar o burro agora.
B_apelo_infantil;rick and morty engraçado;5;NFjS1DJ5y28;O problema com os problemas | Rick & Morty | Adult Swim Brasil;A 'ajuda' de Rick em ação: preparando-se para um tsunami de problemas!;Ordem no tribunal. Só quero dizer que considero vocês dois muito culpados.;Todo mundo calando a boca;Tem todo o tipo de personagem maluco. Esse lugar é ótimo.
B_apelo_infantil;rick and morty engraçado;6;VYq6GSsHbMk;Vô fazê sá porra!!!;Não consegue Moisés!;Não existe esse lance de ideia de Girico;Você é um bostinha de merda;Eu vou fazer essa porra
B_apelo_infantil;rick and morty engraçado;7;JDZut6G01WU;Rick Chapa Com Dragão Rick And Morty Dublado;VEJA O QUE NOSSA EQUIPE DO MISTER RICK SEPAROU COM MUITO CARINHO PARA TODOS OS LUNÁTICOS !!;Se um dia existir um ditado sobre mim eu voo para dentro do sol;Você será escravizado ou assassinado;Cacete, que se foda
B_apelo_infantil;rick and morty engraçado;8;D1yKnoNrTYA;Os melhores momentos de suspense da 1ª temporada | Rick and Morty | Adult Swim;Uma seleção dos melhores momentos de suspense, incluindo o final da temporada.;Ela está mastigando as portas;Nossa eu tenho que admitir. Você tirou um coelho da cartola.;Parece que o destino te presenteou com a oportunidade de se livrar do Rick para sempre
B_apelo_infantil;rick and morty engraçado;9;zcF57osCP_E;Parasitas invasores | Rick & Morty | Adult Swim Brasil;O mundo está em perigo por uma praga de parasitas e Rick é a nossa única esperança!;O senhor bunda cagada;Viram só ela é real, então eu também sou;É olha para mim eu sou o Tom Cruz em cozinha
B_apelo_infantil;rick and morty engraçado;10;mz__EMYpWPw;🔴 Rick and Morty Brasil: Clipes das Temps. 1-3 | Melhores Momentos | Ao Vivo;;Ele ganhou disparado como um foguete;O currículo escolar está mudando. Não sei em tenho raiva de quem sabe.;Agente que manda nessa porra desde antes do conselho
